{
  "lightgbm": {
    "model": {
      "mae": 930713.6289317883,
      "mape": 192.59129019103037,
      "bias": 930141.1199850482
    },
    "baselines": {
      "naive": {
        "mae": 36369.218750000015,
        "mape": 20.18572413951292,
        "bias": 28018.031250000004
      },
      "mean": {
        "mae": 125210.00106962788,
        "mape": 44.585400355343864,
        "bias": 125210.00106962788
      },
      "linear": {
        "mae": 36488.131123425366,
        "mape": 19.201129594910253,
        "bias": 34439.80752741085
      }
    },
    "beats_all_baselines": false,
    "best_baseline": "naive",
    "improvement_over_best": -894344.4101817883
  },
  "catboost": {
    "model": {
      "mae": 913386.7507259727,
      "mape": 189.0962700922119,
      "bias": 912881.5506238954
    },
    "baselines": {
      "naive": {
        "mae": 36369.218750000015,
        "mape": 20.18572413951292,
        "bias": 28018.031250000004
      },
      "mean": {
        "mae": 125210.00106962788,
        "mape": 44.585400355343864,
        "bias": 125210.00106962788
      },
      "linear": {
        "mae": 36488.131123425366,
        "mape": 19.201129594910253,
        "bias": 34439.80752741085
      }
    },
    "beats_all_baselines": false,
    "best_baseline": "naive",
    "improvement_over_best": -877017.5319759727
  },
  "ridge": {
    "model": {
      "mae": 891668.6553078202,
      "mape": 184.5929269335994,
      "bias": 891589.1226321323
    },
    "baselines": {
      "naive": {
        "mae": 36369.218750000015,
        "mape": 20.18572413951292,
        "bias": 28018.031250000004
      },
      "mean": {
        "mae": 125210.00106962788,
        "mape": 44.585400355343864,
        "bias": 125210.00106962788
      },
      "linear": {
        "mae": 36488.131123425366,
        "mape": 19.201129594910253,
        "bias": 34439.80752741085
      }
    },
    "beats_all_baselines": false,
    "best_baseline": "naive",
    "improvement_over_best": -855299.4365578202
  },
  "random_forest": {
    "model": {
      "mae": 944886.607719705,
      "mape": 195.75640335356215,
      "bias": 944363.0748683976
    },
    "baselines": {
      "naive": {
        "mae": 36369.218750000015,
        "mape": 20.18572413951292,
        "bias": 28018.031250000004
      },
      "mean": {
        "mae": 125210.00106962788,
        "mape": 44.585400355343864,
        "bias": 125210.00106962788
      },
      "linear": {
        "mae": 36488.131123425366,
        "mape": 19.201129594910253,
        "bias": 34439.80752741085
      }
    },
    "beats_all_baselines": false,
    "best_baseline": "naive",
    "improvement_over_best": -908517.388969705
  }
}