feature,importance
CO2e_lag1,61.17379186484616
Q2,15.89158038887726
Q4,12.675111228460663
Air_Temp,10.259516517815914
