feature,importance
CO2e_lag1,0.7012052789925391
Air_Temp,0.10596698135412487
Q4,0.10370460101006188
Q2,0.08912313864327404
