{
  "fs_wrapper_lstm": {
    "model": {
      "mae": 111876.10562500004,
      "mape": 22.715125061172785,
      "bias": -111876.10562500004
    },
    "baselines": {
      "naive": {
        "mae": 18433.126666666667,
        "mape": 3.847497587674297,
        "bias": 9525.19333333332
      },
      "mean": {
        "mae": 104987.5443409364,
        "mape": 22.7439606667494,
        "bias": 104987.5443409364
      },
      "linear": {
        "mae": 20249.10093165371,
        "mape": 4.264332030409547,
        "bias": 18064.222429238223
      }
    },
    "beats_all_baselines": false,
    "best_baseline": "naive",
    "improvement_over_best": -93442.97895833338
  },
  "fs_wrapper_lightgbm": {
    "model": {
      "mae": 884405.5845684684,
      "mape": 183.36283506932838,
      "bias": 883991.2339543537
    },
    "baselines": {
      "naive": {
        "mae": 36369.218750000015,
        "mape": 20.18572413951292,
        "bias": 28018.031250000004
      },
      "mean": {
        "mae": 125210.00106962788,
        "mape": 44.585400355343864,
        "bias": 125210.00106962788
      },
      "linear": {
        "mae": 36488.131123425366,
        "mape": 19.201129594910253,
        "bias": 34439.80752741085
      }
    },
    "beats_all_baselines": false,
    "best_baseline": "naive",
    "improvement_over_best": -848036.3658184684
  },
  "fs_wrapper_catboost": {
    "model": {
      "mae": 890035.1702654157,
      "mape": 184.50775341861905,
      "bias": 889645.9688692619
    },
    "baselines": {
      "naive": {
        "mae": 36369.218750000015,
        "mape": 20.18572413951292,
        "bias": 28018.031250000004
      },
      "mean": {
        "mae": 125210.00106962788,
        "mape": 44.585400355343864,
        "bias": 125210.00106962788
      },
      "linear": {
        "mae": 36488.131123425366,
        "mape": 19.201129594910253,
        "bias": 34439.80752741085
      }
    },
    "beats_all_baselines": false,
    "best_baseline": "naive",
    "improvement_over_best": -853665.9515154157
  },
  "fs_wrapper_ridge": {
    "model": {
      "mae": 888727.5893537373,
      "mape": 184.29367701072655,
      "bias": 888727.5893537373
    },
    "baselines": {
      "naive": {
        "mae": 36369.218750000015,
        "mape": 20.18572413951292,
        "bias": 28018.031250000004
      },
      "mean": {
        "mae": 125210.00106962788,
        "mape": 44.585400355343864,
        "bias": 125210.00106962788
      },
      "linear": {
        "mae": 36488.131123425366,
        "mape": 19.201129594910253,
        "bias": 34439.80752741085
      }
    },
    "beats_all_baselines": false,
    "best_baseline": "naive",
    "improvement_over_best": -852358.3706037373
  },
  "fs_wrapper_random_forest": {
    "model": {
      "mae": 883889.1615851852,
      "mape": 183.08933882696823,
      "bias": 883386.6207796476
    },
    "baselines": {
      "naive": {
        "mae": 36369.218750000015,
        "mape": 20.18572413951292,
        "bias": 28018.031250000004
      },
      "mean": {
        "mae": 125210.00106962788,
        "mape": 44.585400355343864,
        "bias": 125210.00106962788
      },
      "linear": {
        "mae": 36488.131123425366,
        "mape": 19.201129594910253,
        "bias": 34439.80752741085
      }
    },
    "beats_all_baselines": false,
    "best_baseline": "naive",
    "improvement_over_best": -847519.9428351852
  },
  "fs_linear_lstm": {
    "model": {
      "mae": 109331.15458333337,
      "mape": 22.715434992961143,
      "bias": -109331.15458333337
    },
    "baselines": {
      "naive": {
        "mae": 18433.126666666667,
        "mape": 3.847497587674297,
        "bias": 9525.19333333332
      },
      "mean": {
        "mae": 104987.5443409364,
        "mape": 22.7439606667494,
        "bias": 104987.5443409364
      },
      "linear": {
        "mae": 20249.10093165371,
        "mape": 4.264332030409547,
        "bias": 18064.222429238223
      }
    },
    "beats_all_baselines": false,
    "best_baseline": "naive",
    "improvement_over_best": -90898.0279166667
  },
  "fs_linear_lightgbm": {
    "model": {
      "mae": 921614.5601942742,
      "mape": 190.96398035857501,
      "bias": 920889.7566546751
    },
    "baselines": {
      "naive": {
        "mae": 36369.218750000015,
        "mape": 20.18572413951292,
        "bias": 28018.031250000004
      },
      "mean": {
        "mae": 125210.00106962788,
        "mape": 44.585400355343864,
        "bias": 125210.00106962788
      },
      "linear": {
        "mae": 36488.131123425366,
        "mape": 19.201129594910253,
        "bias": 34439.80752741085
      }
    },
    "beats_all_baselines": false,
    "best_baseline": "naive",
    "improvement_over_best": -885245.3414442742
  },
  "fs_linear_catboost": {
    "model": {
      "mae": 937495.8403993284,
      "mape": 194.36454655767676,
      "bias": 937301.7720462254
    },
    "baselines": {
      "naive": {
        "mae": 36369.218750000015,
        "mape": 20.18572413951292,
        "bias": 28018.031250000004
      },
      "mean": {
        "mae": 125210.00106962788,
        "mape": 44.585400355343864,
        "bias": 125210.00106962788
      },
      "linear": {
        "mae": 36488.131123425366,
        "mape": 19.201129594910253,
        "bias": 34439.80752741085
      }
    },
    "beats_all_baselines": false,
    "best_baseline": "naive",
    "improvement_over_best": -901126.6216493284
  },
  "fs_linear_ridge": {
    "model": {
      "mae": 892600.8568510237,
      "mape": 184.56428592156126,
      "bias": 892593.2849821604
    },
    "baselines": {
      "naive": {
        "mae": 36369.218750000015,
        "mape": 20.18572413951292,
        "bias": 28018.031250000004
      },
      "mean": {
        "mae": 125210.00106962788,
        "mape": 44.585400355343864,
        "bias": 125210.00106962788
      },
      "linear": {
        "mae": 36488.131123425366,
        "mape": 19.201129594910253,
        "bias": 34439.80752741085
      }
    },
    "beats_all_baselines": false,
    "best_baseline": "naive",
    "improvement_over_best": -856231.6381010237
  },
  "fs_linear_random_forest": {
    "model": {
      "mae": 912944.7494673834,
      "mape": 189.3255906352954,
      "bias": 912371.9012430581
    },
    "baselines": {
      "naive": {
        "mae": 36369.218750000015,
        "mape": 20.18572413951292,
        "bias": 28018.031250000004
      },
      "mean": {
        "mae": 125210.00106962788,
        "mape": 44.585400355343864,
        "bias": 125210.00106962788
      },
      "linear": {
        "mae": 36488.131123425366,
        "mape": 19.201129594910253,
        "bias": 34439.80752741085
      }
    },
    "beats_all_baselines": false,
    "best_baseline": "naive",
    "improvement_over_best": -876575.5307173834
  }
}