fs_option,n_features,model,weighted_mae,stability_score,error_std,worst_fold_error,mae_h1,rmse_h1,mape_h1,r2_h1,mae_h2,rmse_h2,mape_h2,r2_h2,mae_h4,rmse_h4,mape_h4,r2_h4,model_id,annual_mae,annual_mape,annual_bias,consistency_score
fs_wrapper,13,ridge,0.0227466820968016,0.9846750572983476,0.0155634517073069,0.0740074455749684,0.0220359022953518,0.0306029576573048,0.1896547552151725,0.9587251209076686,0.0220048254236732,0.0294358912455187,0.1894084803847211,0.9592706720583268,0.0256364166101187,0.033467418879072,0.2209586429114032,0.9498673428907042,fs_wrapper/ridge,24387.00499261909,1.9529134265993613,20158.120603737298,0.9804708657340064
fs_wrapper,13,random_forest,0.0293309953199751,0.9772694558107397,0.0232592393572796,0.114569162682145,0.0268143245399651,0.042783665130981,0.2307776095077271,0.9193294571000216,0.0282720252387251,0.0432997716068492,0.2431826607210844,0.9118699379707152,0.0372111273918751,0.0553375322215382,0.3205867574296517,0.8629383800586122,fs_wrapper/random_forest,23010.549895019496,1.889268517961961,14817.152029647616,0.9811073148203804
